<?xml version="1.0" encoding="UTF-8"?><LightningComponentBundle xmlns="http://soap.sforce.com/2006/04/metadata"><apiVersion>59.0</apiVersion><isExposed>true</isExposed><targetConfigs><targetConfig targets="lightning__AppPage"><property name="title" type="String" label="Final Title" default="Hello World" /><property name="showDetails" type="Boolean" label="Show Details" default="true" /><property name="accentColor" type="Color" label="Accent Color" default="#5b5fc7" /><property name="count" type="Integer" label="Count" default="5" /></targetConfig></targetConfigs></LightningComponentBundle>
